{"valueType":"nodes","values":[{"plannedSport":"Running","plannedMinutes":75,"updatedAt":"2017-12-30T21:11:30.000Z","_typeName":"Workout","plannedInformation":"Lugnt och behagligt","plannedKm":12,"plannedDate":"2017-12-31T08:00:00.000Z","id":"cjbtue4va51iu0168xhvo223r","createdAt":"2017-12-30T21:11:30.000Z","plannedType":""},{"plannedSport":"Running","plannedMinutes":35,"updatedAt":"2017-12-30T21:57:54.000Z","_typeName":"Workout","plannedInformation":"Lugnt och behagligt","plannedKm":6,"plannedDate":"2017-12-28T08:00:00.000Z","id":"cjbtw1sz9528p0168u63mvcu3","createdAt":"2017-12-30T21:57:54.000Z","plannedType":""},{"weight":94.7,"updatedAt":"2018-01-03T15:36:19.000Z","_typeName":"Measurement","waist":110,"hips":109,"id":"cjbz86hvo1qpj0153to218tcg","date":"2017-04-29T00:00:00.000Z","createdAt":"2018-01-03T15:36:19.000Z","thigh":66.5},{"weight":95,"updatedAt":"2018-01-03T15:48:42.000Z","_typeName":"Measurement","waist":108,"hips":109,"id":"cjbz8merc009j018366ysmkup","date":"2017-05-06T00:00:00.000Z","createdAt":"2018-01-03T15:48:42.000Z","thigh":67},{"weight":94.5,"updatedAt":"2018-01-03T18:25:35.000Z","_typeName":"Measurement","waist":108.5,"hips":109.5,"id":"cjbze85v902zq0154zu1l9fh3","date":"2017-05-12T22:00:00.000Z","createdAt":"2018-01-03T18:25:35.000Z","thigh":66},{"weight":94.1,"updatedAt":"2018-01-03T18:26:21.000Z","_typeName":"Measurement","waist":108,"hips":109,"id":"cjbze95h8030e0154jy9cxksz","date":"2017-05-19T22:00:00.000Z","createdAt":"2018-01-03T18:26:21.000Z","thigh":66.5},{"weight":93,"updatedAt":"2018-01-03T18:26:58.000Z","_typeName":"Measurement","waist":108,"hips":108,"id":"cjbze9xt7030w0154i3jsidig","date":"2017-05-26T22:00:00.000Z","createdAt":"2018-01-03T18:26:58.000Z","thigh":67},{"weight":93,"updatedAt":"2018-01-03T18:27:43.000Z","_typeName":"Measurement","waist":107,"hips":107,"id":"cjbzeawmc031i0154k7kv35g4","date":"2017-06-02T22:00:00.000Z","createdAt":"2018-01-03T18:27:43.000Z","thigh":67},{"weight":94,"updatedAt":"2018-01-03T18:28:01.000Z","_typeName":"Measurement","waist":108,"hips":108,"id":"cjbzebb03031u0154hztv5xjh","date":"2017-06-09T22:00:00.000Z","createdAt":"2018-01-03T18:28:01.000Z","thigh":68},{"weight":93.5,"updatedAt":"2018-01-03T18:28:29.000Z","_typeName":"Measurement","waist":107,"hips":107.5,"id":"cjbzebw3n03280154axdlmv1j","date":"2017-06-16T22:00:00.000Z","createdAt":"2018-01-03T18:28:29.000Z","thigh":67.5},{"weight":92.3,"updatedAt":"2018-01-03T18:28:54.000Z","_typeName":"Measurement","waist":106,"hips":106,"id":"cjbzecfmw032o015476qtbvx8","date":"2017-06-23T22:00:00.000Z","createdAt":"2018-01-03T18:28:54.000Z","thigh":67},{"weight":91.9,"updatedAt":"2018-01-03T18:29:27.000Z","_typeName":"Measurement","waist":105,"hips":106,"id":"cjbzed4y603340154ssmrlkmp","date":"2017-07-02T22:00:00.000Z","createdAt":"2018-01-03T18:29:27.000Z","thigh":66},{"weight":91,"updatedAt":"2018-01-03T18:29:48.000Z","_typeName":"Measurement","waist":103,"hips":106,"id":"cjbzedlcq033i0154vv2jd0hp","date":"2017-07-14T22:00:00.000Z","createdAt":"2018-01-03T18:29:48.000Z","thigh":66},{"weight":89.8,"updatedAt":"2018-01-03T18:30:09.000Z","_typeName":"Measurement","waist":101,"hips":105.5,"id":"cjbzee1q6033u0154ivbtijs7","date":"2017-07-21T22:00:00.000Z","createdAt":"2018-01-03T18:30:09.000Z","thigh":65},{"weight":89.3,"updatedAt":"2018-01-03T18:30:26.000Z","_typeName":"Measurement","waist":101,"hips":105,"id":"cjbzeeeu203460154h26em34k","date":"2017-07-28T22:00:00.000Z","createdAt":"2018-01-03T18:30:26.000Z","thigh":65},{"weight":89.2,"updatedAt":"2018-01-03T18:30:47.000Z","_typeName":"Measurement","waist":101,"hips":105,"id":"cjbzeeuxh035201545unmwatl","date":"2017-08-04T22:00:00.000Z","createdAt":"2018-01-03T18:30:47.000Z","thigh":65},{"weight":88.4,"updatedAt":"2018-01-03T18:31:05.000Z","_typeName":"Measurement","waist":100,"hips":105,"id":"cjbzef8di035e0154wedw8mx5","date":"2017-08-11T22:00:00.000Z","createdAt":"2018-01-03T18:31:05.000Z","thigh":65},{"weight":89.1,"updatedAt":"2018-01-03T18:31:19.000Z","_typeName":"Measurement","waist":100,"hips":105,"id":"cjbzefjks035q01547rf9skfx","date":"2017-08-18T22:00:00.000Z","createdAt":"2018-01-03T18:31:19.000Z","thigh":65},{"weight":88.2,"updatedAt":"2018-01-03T18:31:43.000Z","_typeName":"Measurement","waist":101,"hips":105,"id":"cjbzeg21s03640154ccb6imcp","date":"2017-08-24T22:00:00.000Z","createdAt":"2018-01-03T18:31:43.000Z","thigh":65},{"weight":87,"updatedAt":"2018-01-03T18:32:08.000Z","_typeName":"Measurement","waist":100,"hips":104,"id":"cjbzegl2b036i0154hcyny2xn","date":"2017-09-01T22:00:00.000Z","createdAt":"2018-01-03T18:32:08.000Z","thigh":65},{"weight":88,"updatedAt":"2018-01-03T18:32:24.000Z","_typeName":"Measurement","waist":100,"hips":104,"id":"cjbzegxiu036t0154ztz4uh0g","date":"2017-09-15T22:00:00.000Z","createdAt":"2018-01-03T18:32:24.000Z","thigh":65},{"weight":87,"updatedAt":"2018-01-03T18:32:43.000Z","_typeName":"Measurement","waist":100,"hips":104,"id":"cjbzehcr2037601542k1gaqre","date":"2017-09-22T22:00:00.000Z","createdAt":"2018-01-03T18:32:43.000Z","thigh":65},{"weight":87.2,"updatedAt":"2018-01-03T18:32:55.000Z","_typeName":"Measurement","waist":100,"hips":104,"id":"cjbzehlo4037g0154gy6qv3yo","date":"2017-09-29T22:00:00.000Z","createdAt":"2018-01-03T18:32:55.000Z","thigh":65},{"weight":87.9,"updatedAt":"2018-01-03T18:33:25.000Z","_typeName":"Measurement","waist":101,"hips":104,"id":"cjbzei8la037w0154axc91xq9","date":"2017-10-20T22:00:00.000Z","createdAt":"2018-01-03T18:33:25.000Z","thigh":65},{"weight":87.6,"updatedAt":"2018-01-03T18:33:56.000Z","_typeName":"Measurement","waist":101,"hips":104,"id":"cjbzeiwrj038e01544v6naue3","date":"2017-11-10T23:00:00.000Z","createdAt":"2018-01-03T18:33:56.000Z","thigh":65},{"weight":92.2,"updatedAt":"2018-01-03T18:34:42.000Z","_typeName":"Measurement","waist":105,"hips":106,"id":"cjbzejwf103a20154u81a06ty","date":"2017-12-15T23:00:00.000Z","createdAt":"2018-01-03T18:34:42.000Z","thigh":66},{"updatedAt":"2018-01-03T23:40:45.000Z","_typeName":"WorkoutTemplate","sport":"Running","id":"cjbzphh3e062k0150rghxdmr6","createdAt":"2018-01-03T23:40:45.000Z","time":30,"type":"Easy","km":6},{"updatedAt":"2018-01-03T23:44:13.000Z","_typeName":"WorkoutTemplate","sport":"Running","id":"cjbzplxux06680150p975z29e","createdAt":"2018-01-03T23:44:13.000Z","notes":"Lite snabbare än LSD","time":90,"type":"Medium"},{"updatedAt":"2018-01-03T23:47:45.000Z","_typeName":"WorkoutTemplate","sport":"Swimming","id":"cjbzpqhd406960150qbt1xvki","createdAt":"2018-01-03T23:47:45.000Z","notes":"Teknikträning. ","time":60,"type":"Technique"},{"name":"Easy","updatedAt":"2018-01-03T23:14:20.000Z","_typeName":"WorkoutType","id":"cjbzojhtm05cc0150pxzi8s0q","createdAt":"2018-01-03T23:14:20.000Z"},{"name":"LSD","updatedAt":"2018-01-03T23:14:26.000Z","_typeName":"WorkoutType","id":"cjbzojn1b05ck015016pc2s98","createdAt":"2018-01-03T23:14:26.000Z"},{"name":"Interval","updatedAt":"2018-01-03T23:14:30.000Z","_typeName":"WorkoutType","id":"cjbzojq0n05co0150454kknz9","createdAt":"2018-01-03T23:14:30.000Z"},{"name":"Tempo","updatedAt":"2018-01-03T23:14:35.000Z","_typeName":"WorkoutType","id":"cjbzojtzd05cu01503v67nwdd","createdAt":"2018-01-03T23:14:35.000Z"},{"name":"Fartlek","updatedAt":"2018-01-03T23:14:39.000Z","_typeName":"WorkoutType","id":"cjbzojwz905d001505yz5mpth","createdAt":"2018-01-03T23:14:39.000Z"},{"name":"Technique","updatedAt":"2018-01-03T23:14:49.000Z","_typeName":"WorkoutType","id":"cjbzok4h505d601503q7regb9","createdAt":"2018-01-03T23:14:49.000Z"},{"name":"Medium","updatedAt":"2018-01-03T23:15:02.000Z","_typeName":"WorkoutType","id":"cjbzokemr05dg01503vsmoix4","createdAt":"2018-01-03T23:15:02.000Z"},{"name":"Hills","updatedAt":"2018-01-03T23:15:46.000Z","_typeName":"WorkoutType","id":"cjbzolc7o05dy0150p4eb643c","createdAt":"2018-01-03T23:15:46.000Z"},{"name":"Running","updatedAt":"2018-01-03T22:47:25.000Z","_typeName":"Sport","id":"cjbznkvze04w20150w5t75hf7","createdAt":"2018-01-03T22:47:25.000Z"},{"name":"Swimming","updatedAt":"2018-01-03T22:47:29.000Z","_typeName":"Sport","id":"cjbznkzi704w601508qi6l4gc","createdAt":"2018-01-03T22:47:29.000Z"},{"name":"Cross Country Skiing","updatedAt":"2018-01-03T22:47:43.000Z","_typeName":"Sport","id":"cjbznl9kc04wg01506fapnhem","createdAt":"2018-01-03T22:47:43.000Z"},{"name":"Cycling","updatedAt":"2018-01-03T22:47:54.000Z","_typeName":"Sport","id":"cjbznlip404wn0150qd9vx6qh","createdAt":"2018-01-03T22:47:54.000Z"},{"name":"Strength","updatedAt":"2018-01-03T22:48:04.000Z","_typeName":"Sport","id":"cjbznlpy804wu0150hkj8xt2j","createdAt":"2018-01-03T22:48:04.000Z"},{"name":"Flexibility","updatedAt":"2018-01-03T22:48:10.000Z","_typeName":"Sport","id":"cjbznlutf04x00150f99be4zj","createdAt":"2018-01-03T22:48:10.000Z"}]}